Argent Automotive Systems Inc|hsXlZSMDIX9j0C
Volkswagen|h4SlZSMDIX9j0C
PRINCE NON-LAUNCH|xASlZSMDIX9j0C
FORD AUSTRALIA|xISlZSMDIX9j0C
HONDA JAPAN|xQSlZSMDIX9j0C
Yazaki North America Inc|xYSlZSMDIX9j0C
TOYOTA-CAN|xgSlZSMDIX9j0C
FACIL LLC|xoSlZSMDIX9j0C
EJOT GmbH &amp; Co. KG|xwSlZSMDIX9j0C
ISE|x4SlZSMDIX9j0C
Daimler|BBSlZSMDIX9j0C
LEAR SEATING|BJSlZSMDIX9j0C
EU Supplier|BRSlZSMDIX9j0C
Foamex Companies|BZSlZSMDIX9j0C
Kostal of America Inc|BhSlZSMDIX9j0C
INALFA ROOF SYSTEMS|BpSlZSMDIX9j0C
Keiper do Brasil Ltda.|BxSlZSMDIX9j0C
Lear Corporation GmbH|B5SlZSMDIX9j0C
ISUZU|RBSlZSMDIX9j0C
PSA|RJSlZSMDIX9j0C
International Truck &amp; Engine U.S.|RRSlZSMDIX9j0C
Harman Becker Automotive Systems|RZSlZSMDIX9j0C
MULTIPLE|RhSlZSMDIX9j0C
VOLVO|RpSlZSMDIX9j0C
AFTER MARKET|RxSlZSMDIX9j0C
NISSAN|R5SlZSMDIX9j0C
ATF|hBSlZSMDIX9j0C
GRAMAG|hJSlZSMDIX9j0C
HAYASHITELEMPU JAPAN|hRSlZSMDIX9j0C
Brose Ltd|hZSlZSMDIX9j0C
DAIMLER CHRYSLER|hhSlZSMDIX9j0C
Valeo|hpSlZSMDIX9j0C
ITW DELTAR|hxSlZSMDIX9j0C
MACAUTO INDUSTRIAL Co.,LTD|h5SlZSMDIX9j0C
MITSUBISHI|xBSlZSMDIX9j0C
SKODA|xJSlZSMDIX9j0C
PRINCE (INTERNAL)|xRSlZSMDIX9j0C
MAGNA|xZSlZSMDIX9j0C
WEBASTO ROOF SYSTEMS|xhSlZSMDIX9j0C
TOYOTA TMMK|xpSlZSMDIX9j0C
OKE|xxSlZSMDIX9j0C
DRS Industries Inc|x5SlZSMDIX9j0C
ROVER|BCSlZSMDIX9j0C
SEAT|BKSlZSMDIX9j0C
A.Raymond GmbH &amp; Co KG|BSSlZSMDIX9j0C
ITW Delpro|BaSlZSMDIX9j0C
Muller Textil GmbH and Co KG|BiSlZSMDIX9j0C
FIAT|BqSlZSMDIX9j0C
SATURN|BySlZSMDIX9j0C
TESLA|B6SlZSMDIX9j0C
NEDCAR|RCSlZSMDIX9j0C
JAC ( Jiang Huai)|RKSlZSMDIX9j0C
CHRYSLER|RSSlZSMDIX9j0C
FCC (FIRST CAR COMPANY)|RaSlZSMDIX9j0C
Armada Rubber Manufacturing Company|RiSlZSMDIX9j0C
MBC Mercedes-Benz Cars|RqSlZSMDIX9j0C
Faurecia Automotive Seating Inc|RySlZSMDIX9j0C
HONDA MALAYSIA|R6SlZSMDIX9j0C
CHERY|hCSlZSMDIX9j0C
GUMMIVOGT|hKSlZSMDIX9j0C
ITW Engineered Components|hSSlZSMDIX9j0C
PORSCHE|haSlZSMDIX9j0C
VISTEON|hiSlZSMDIX9j0C
KFORCE|hqSlZSMDIX9j0C
Springfield Products Industries|hySlZSMDIX9j0C
Ford|h6SlZSMDIX9j0C
Johnson Controls|xCSlZSMDIX9j0C
MOTUS|xKSlZSMDIX9j0C
JCI - Intertec Systems LLC|xSSlZSMDIX9j0C
Federal-Mogul Corporation|xaSlZSMDIX9j0C
Creative Foam Corporation|xiSlZSMDIX9j0C
WET Automotive Systems Ltd|xqSlZSMDIX9j0C
GENERAL MOTORS SHANGHAI|xySlZSMDIX9j0C
OPEL|x6SlZSMDIX9j0C
PKCGroup|BDSlZSMDIX9j0C
Johnson Controls GmbH|BLSlZSMDIX9j0C
Other|BTSlZSMDIX9j0C
MAZDA|BbSlZSMDIX9j0C
Thai Summit Plastech Co.,Ltd.|BjSlZSMDIX9j0C
BEIJING BENZ AUTOMOTIVE COMPANY|BrSlZSMDIX9j0C
Hyundai Kia|BzSlZSMDIX9j0C
TRW Automotive|B7SlZSMDIX9j0C
Chery|RDSlZSMDIX9j0C
Barton Cold Form Ltd|RLSlZSMDIX9j0C
CROTTY CORPORATION|RTSlZSMDIX9j0C
MCLAREN|RbSlZSMDIX9j0C
TRW|RjSlZSMDIX9j0C
Beijing Automotive Group (BAIC)|RrSlZSMDIX9j0C
VOLKSWAGEN FAW|RzSlZSMDIX9j0C
RENAULT|R7SlZSMDIX9j0C
Tinnerman Palnut Engineered Products LLC|hDSlZSMDIX9j0C
Johnson Controls, Inc.|hLSlZSMDIX9j0C
Delta Products Corporation|hTSlZSMDIX9j0C
Suzuki|hbSlZSMDIX9j0C
NUMMI-NEW UNITED MOTORS|hjSlZSMDIX9j0C
Blackhawk Automotive Plastics Inc|hrSlZSMDIX9j0C
CITROEN|hzSlZSMDIX9j0C
Bose Corporation|h7SlZSMDIX9j0C
TOYOTA|xDSlZSMDIX9j0C
Tyco Electronics-Raychem|xLSlZSMDIX9j0C
Robert Bosch Corporation|xTSlZSMDIX9j0C
Small Parts Inc|xbSlZSMDIX9j0C
SUZUKI JAPAN|xjSlZSMDIX9j0C
DAIMLER AG|xrSlZSMDIX9j0C
VOLKSWAGEN|xzSlZSMDIX9j0C
Fiat Chrysler|x7SlZSMDIX9j0C
Adient|CASlZSMDIX9j0C
FORD|CISlZSMDIX9j0C
Innertech|CQSlZSMDIX9j0C
Fujian Daimler Automotive Co.,Ltd. (FJDA)|CYSlZSMDIX9j0C
MERCEDES BENZ|CgSlZSMDIX9j0C
AUDI|CoSlZSMDIX9j0C
FAURECIA|CwSlZSMDIX9j0C
DELPHI|C4SlZSMDIX9j0C
Master Manufacturing Co Inc|SASlZSMDIX9j0C
JCI|SISlZSMDIX9j0C
Bordarte|SQSlZSMDIX9j0C
HYUNDAI|SYSlZSMDIX9j0C
HYPERION|SgSlZSMDIX9j0C
JCI Summit Interiors Ltd (Thailand)|SoSlZSMDIX9j0C
Johnson Controls Components GmbH &amp; Co. KG|SwSlZSMDIX9j0C
Adient plc|S4SlZSMDIX9j0C
HONDA CANADA|iASlZSMDIX9j0C
TestSupplier|iISlZSMDIX9j0C
NEDSCHROEF|iQSlZSMDIX9j0C
TRIMQUEST|iYSlZSMDIX9j0C
FISKER AUTOMOTIVE|igSlZSMDIX9j0C
LANDROVER|ioSlZSMDIX9j0C
Lubke &amp; Vogt GmbH&amp;Co KG|iwSlZSMDIX9j0C
Toyota|i4SlZSMDIX9j0C
Hella Electronics Corporation|yASlZSMDIX9j0C
INTERTEC|yISlZSMDIX9j0C
Volvo|yQSlZSMDIX9j0C
3M Company|yYSlZSMDIX9j0C
HELLERMANN TYTON|ygSlZSMDIX9j0C
GENERAL MOTORS HOLDENS|yoSlZSMDIX9j0C
Purchased Parts Group Inc|ywSlZSMDIX9j0C
BMW|y4SlZSMDIX9j0C
HONDA AMERICA|CBSlZSMDIX9j0C
GENERAL MOTORS|CJSlZSMDIX9j0C
ITW Engineered Fasteners|CRSlZSMDIX9j0C
Igus|CZSlZSMDIX9j0C
GRAMMER|ChSlZSMDIX9j0C
JAGUAR|CpSlZSMDIX9j0C
FOTON|CxSlZSMDIX9j0C
GAC (GUANGZHOU AUTOMOBILE GROUP Co., LTD)|C5SlZSMDIX9j0C
VOLKSWAGEN SHANGHAI|SBSlZSMDIX9j0C
FAW (FIRST AUTO  WORKS)|SJSlZSMDIX9j0C
DONNELLY|SRSlZSMDIX9j0C
KIA|SZSlZSMDIX9j0C
TACHI-S|ShSlZSMDIX9j0C
General Motors|SpSlZSMDIX9j0C
Camaco|SxSlZSMDIX9j0C
DAIMLER|S5SlZSMDIX9j0C
ARaymond|iBSlZSMDIX9j0C
Magna Slidemaster|iJSlZSMDIX9j0C
EJOT GmbH & Co. KG|iRSlZSMDIX9j0C
PEUGEOT|iZSlZSMDIX9j0C
Honda|ihSlZSMDIX9j0C
TERMAX|ipSlZSMDIX9j0C
Lubke & Vogt GmbH&Co KG|ixSlZSMDIX9j0C
Decofinmex|i5SlZSMDIX9j0C
American HouseHold Products|yBSlZSMDIX9j0C
DONGFENG PEUGEOT CITROEN AUTOMOTIVE (DPCA)|yJSlZSMDIX9j0C
Faurecia|yRSlZSMDIX9j0C
Milliken & Company|yZSlZSMDIX9j0C
Johnson Controls Components GmbH & Co. KG|yhSlZSMDIX9j0C
Lear|ypSlZSMDIX9j0C
International Truck & Engine U.S.|yxSlZSMDIX9j0C
TINNERMAN|y5SlZSMDIX9j0C
EATON|CCSlZSMDIX9j0C
SAS|CKSlZSMDIX9j0C
ARAYMOND|CSSlZSMDIX9j0C
ITW|CaSlZSMDIX9j0C
RECARO|CiSlZSMDIX9j0C
Adient- Intertec Systems LLC|CqSlZSMDIX9j0C
Lear Companies|CySlZSMDIX9j0C
EMHART|C6SlZSMDIX9j0C
A.Raymond GmbH & Co KG|SCSlZSMDIX9j0C
Keiper Delta Seat Components L L C|SKSlZSMDIX9j0C
Southco|SSSlZSMDIX9j0C
SOUTHCO|SaSlZSMDIX9j0C
Stanley|SiSlZSMDIX9j0C
First Car Company|SqSlZSMDIX9j0C
BOSSARD|SySlZSMDIX9j0C
Volkswagen AG|S6SlZSMDIX9j0C
Johnson Controls Stafford Park - Telford Metals|iCSlZSMDIX9j0C
FCC|iKSlZSMDIX9j0C
PULLMAFLEX EUROPE|iSSlZSMDIX9j0C
Shanghai General Motors (SGM)|iaSlZSMDIX9j0C
SAINT GOBAIN|iiSlZSMDIX9j0C
Etikett Schiller GmbH|iqSlZSMDIX9j0C
GENTEX|iySlZSMDIX9j0C
I.G.Bauerhin GmbH|i6SlZSMDIX9j0C