apothoja|upotj003
avelhasw|uvels002
akreiet|ukret001
akaisem|ukaim002
asatoj1|usatj001
amorsest|umors001
atrapoa|utraa001
akehrbp|ukehp001
atuerkf1|utuef001
abosiak|ubosk001
aleretw|ulerb001
awarrely|uwarl001
amorriwe|umorw001
amcleod|umcld001
afirthm|ufirm001
acovara2|ucova070
ahubbaje|uhubj001
asilvao4|usilo001
akissno|ukisn001
acalosga|ucalg001
aroyts|uthot001
agalkor|ugalr002
aheeseh|uheeh001
asteinc2|wstec001
apradhav|upraa001
avalle42|uvalj050
avonwew|uvonw001
amravem|umram001
abrummw|ubruw001
acranech|ucrac001
aschena|uscha011
abartyb|ubarb001
abwhite|uwhib002
amiskom|umism001
aangars|uangs001
avronkm|uvrom001
abafnak|ubafk001
avanwatj|uvant001
abohmm|ubyhm001
asalunk|usalk001
amahmusa|umahs001
aboched|ubocd001
amainje|umaij002
aszwabs|wszws001
agascoe|ugase001
ablein|uleib001
alealmj|uleaj001
akozicb|ukozb002
aumleys|uumls001
aholmt|uholt001
aarendr|uarer001
apagacm|upagm003
abaardr|ubaar001
ahanecm|uhanm052
apolisd|upold001
ajoshi1|ujoss002
alemkev|ulemv001
agalej2|ugalj001
aspezid|usped001
aeversmi|uevem001
ahollam2|uholm001
ajurcaa|ujurv002
ameyerr1|umeyr002
apattom|upatm001
aorchar|uorcr001
agalem|ugalm002
apaetzt|upaet001
abaod1|ubaod001
avankil|uvanl002
ascottra|uscor003
aschmidt|uschd001
aprovis|upros001
acuppc|ucupc001
awarpc|uwarc001
avandeke|uvank002
aotte|uotte001
astanlk|ustak001
afranop|ufrap001
agundosh|uguns001
atrcerm1|uterm003
aveenj|uveeg001
acolli22|ucold002
abooned1|ubood003
amoehlw|umoew001
abranddi|ubrad002
arodria1|uroda080
aweiram|uweim002
ajarasm|ujarm001
ahansew|uhanw001
awittial|uwita001
agrealf|ugref001
ademjad1|udemd001
adewinp|udewp001
anagelmo|unagm001
aboraktâ |ubort001
aprilee|uprie001
abeerwp|ubeep001
asala131|usalm001
amanj|wmanj001
athiruv1|uthiv001
abultm|ubulm001
ahoskide|uhosd001
amuelleh2|umueh001
agotthj|ugotj001
aszijaba|uszib001
apapii|upapi001
adantub|udanb001
alamped|ulamd001
asilvano|usiln001
ahoefema|whoem001
apagarj|upagj001
akruknc|ukruc002
aneubal|uneul001
alundj|ulunj001
amagalj3|umagj002
asykorj|usykj001
ademirec|udeme001
amarang|umarg001
aesshas|wstee002
avakrcm|uvakm001
abrulaj|ubruj001
amohansh|umohs001
awolgac|uwolc001
aalbers2|ualbs001
aeichedi|weicd001
aritzej|uritj002
anana|unann001
asattet|usatt001
anunesm|ununm001
aganser|uganr001
alemmec|ucerc001
ashekaa|ushea002
amattht|umatt001
asenecd|usend050
apatel2|upatr004
akhalimu|ukham001
amyersdj|umyed001
achavek|uchak002
abruecf|ubruf001
ashaabk|ushak003
aschulto|uscht004
ayotsuf|uyotf001
arobarg|urobg001
ahemmeda|uhemd001
amejiase|umejs001
abrehom|ubrem004
amuhlhm|wmuem003
alongp1|ulonp001
arumpfr|urumr001
apassbm|wpasm001
acelanm|ucelm001
agavlam|ugavm001
aschere|usche001
aschm70|uschr007
aendok|uendk001
astewad|usted001
agujark|ugujk001
aweersa|uweea001
aestra91|ueste001
aweber8|uwebj001
asimkio|usimo001
arussim|urusm001
aepplej|ueppj001
aveensri|uveer001
apurdym|upurm001
adzacop|udzap001
ahostaro|whosr001
abhojkm|ubhom001
agoftoa|ugofa001
amoelkni|umoen002
asingh8|usinr001
akooyew|ukoow001
adeakvl|udeav001
ahawkis|uhaws001
adoorng|udoog001
ashimit|ushit002
atomorh|utomh001
achinr|uchir001
arathsc|uratc001
aneumaj|uneuj001
abrendbe|ubreb002
amillej5|umilj004
amanouy|umany001
ahinkej|uhinj001
aklaust|uklat001
ajurcak|ujurk002
aanghed|uangd001
akacium|ukacm001
agoertmi|wgoem001
amacdob|umacb001
ameyerti|umeyt001
amalled|umald001
aschomph|uschp003
agonzag3|ugong001
aknobla|uknoa002
amattaa|umata001
asoumaa|usoua001
asnydee|usnye001
aanderju|uandj001
akwiatn|wkwin001
ahorecr|uhorr001
athakup|uthap002
akiezec|ukeic001
ajainaj|ujaia001
akoterj|wkotj001
ahoepio|uhoeo001
apindem|wpinm001
akhairsa|ukhas003
apellem|wmice002
akulkap4|ukulp001
agodinw|ugodw001
aapgerwi|uapgb001
amegowg|umegg001
agerhab|ugerb001
akoysom|ukoym002
aborgem|uborm001
aregerh|uregh001
akudoh|ukudh001
akrausj8|ukraj005
acottoj|ucotj002
afilinj|ufilj002
aakyiae|uakye001
aallen54|ualld003
amorenfr|umorf002
abadgua|wbada001
aszabon2|uszan001
acremelo|ucrel001
astevemw|ustem006
akrolzn|ukron001
apinged|upind001
aallen61|uallj001
achurcwi|uchub001
awadejw|uwadw001
afleism|uflem001
apagek|upagk001
amojzid|umojd001
aamanr|uamar002
asteffji|wjams002
akorcoj|ukorj002
aalvart2|ualvt050
aenlowt|UENLT001
abrockt|ubrot006
ahughem|wmata002
akittlf|ukitf001
arosatan|urosa051
aventog|uveng002
akruegm3|ukrum001
aduartm6|uduam001
aburlec|uburc001
ayang23|uyanc025
arauk|urauk001
atenbrs|utens001
asutars|usuts001
apanepk|upank001
akaminl3|wkaml001
aroarkj|uroaj002
aaryamm|uarym001
abrayjo|ubraj001
acaband|ucabd001
achakrar|uchaa001
amajermi|umajm002
ablackbo|ublab001
aokuyahi|uokuh001
afehrb|ufehb001
azitnam|uzitm001
amussor|umusr050
aschagt|uscht002
agossep|ugosp001
aroja46|urojd001
amatsusa|umats060
amackami|umacm004
apurter|upurr001
avanzeg|uvang002
abruegv|wbruv001
astojasa|wstos001
ahazenb|uhazb001
atrenti|utrei001
aknighs|uknis002
aadgatd|uadgd001
akratzg|ukraj001
anamaze|uname001
amedemd|umedd001
aroseh|urosh001
akuensf|ukuef001
aburgopa|uburp050
anelsoka|unelk001
ahlavnlu|uhlal001
ahakamr|uhakr001
aivancm0|uivam001
lampesv|ulams001
amakrap|umakp001
amenouh|umenh001
akoskal|ukosl001
amurphna|umurn001
ahackem1|whacm001
awolloj|uwolj002
arileyla|urill001
aniehub|wnieb001
aklahom|uklam001
avander8|uvanr006
aolevnm|uolem001
aduartco|uduac050
akoscir|ukosr001
avandete|uvant002
averdoa|uvera001
adotzkb|udotb002
apolcom|umicm002
apoggeb|upogb001
aruggld|urugd001
azha3146|uzhax116
agreencm|ugrec001
ahillro|uhilr002
aburmaj|uburj001
ashenpa|ushep001
abonczr|ubonr001
amentoa|umena002
adevecc|udevc001
ahallj1|uhalj001
afrancni|ufran001
atuckert|utucr001
apatilg1|upatg001
astillke|ustik001
aewersj|uewej001
abornfj|uborj001
atayl70|wtayj001
aschoos|uschs001
asmithjo|usmij002
abezovl|ubezl001
asadbed|usadd001
asalinbe|usalb001
asande2|wsanm004
awarmuj|uwarj001
azlatoma|uzlam001
awhitebu|uwhib001
achince|uchic001
amcintt2|umcit001
apavacm|upavm001
akostam4|ukosm001
athomamj|uthom001
abattsw|ubatw001
aschmijo|uschj011
achalam|ucham001
atempla|utema001
aeveredc|ueved001
aschwasv|uschs003
aschult0|uscht003
astanoma|ustam001
agreenag|ugrea001
apeterda|upetd002
ajone241|ujond001
ajames1|ujamj001
agayloj|ugayj001
aharmaa1|uhama001
agrajzh|ugrah001
ashethb|usheb002
aschuhjo|uschj010
afriens|ufris001
ainmanda|uinmd001
atraffl|utral001
akhanab|ukhaa002
apunal|upunl001
abaluci|ubali002
agar2230|ugarf001
akoetssa|ukoes003
anavaal|unava001
atownes|utows001
ayoungk|uyouk001
ahomikw|uhomw001
aboumad|uboud001
arothm4|urotm001
asmith88|wrays002
aasamose|uasas002
arodrij2|urodj002
aruiz135|uruia002
ahuellc|whuec001
akobroj|ukobj001
agalat|ugala001
aelange|uelae001
asotoc|usotc050
agatica|wallg002
agareta|ugara005
akanemy|ukany002
astratj2|ustrj003
aklimej|uklij001
atruaxt|utrut001
abeleng|wbelg003
acaganm|ucagm001
amunozlf|umunl050
amuresb|umurb001
adiane|udiae001
aballin|ubaln001
awrighwi|uwriw001
alangebi|ulanb001
agrossa0|ugroa001
akellesr|ukels002
agericm|wgerm002
apardoal|upara102
aoertet|uoert001
abaarel|ubaal001
antshws|untss001
ascharm2|uschm002
akrizap|ukrip001
athompe|uthoe001
akrausc|ukrac001
aklinkm|uklim004
arainar|urair001
avandel2|ulogv002
atimmejo|utimj001
awesolk|wwesk001
avermab|uverb001
acichos|ucics001
ageierv|ugeiv001
anewmas|unews001
alewis31|ulewd002
avanzir|uvanr004
afalkn|ufaln001
ashafebe|ushab003
agottsal|wgota001
atomsat|utomt001
amuellbb|umueb001
alegend|ulegd001
akopeciv|ukopi001
amoskoe|umose001
agillhs|ugilh001
amothev|umotv001
abrow184|ubror003
akapicem|ukape001
akiersk|ukiek001
agermaka|ugerk002
ajohn647|ujohm003
ajantog|ujang002
amolnag3|umolg001
amgieju|umagj003
adicklu|untul001
agrabor|ugraj001
acarlitr|ucart002
amend158|umenr050
asmondm1|usmom005
amill52|umilt001
akonicm|ukonm001
aputzkb|uputb001
arigteku|urigk001
akarlb|ukarb001
astanle|ukaim001
asauerr|usaur001
avelasl|uvell050
ascholt|uscht011
amtwazv|umtwv001
avantis|uvans003
apinace|upine001
afrensj|ufrej001
awilkoro|uwilr001
aeszenr|ueszr001
amerrir1|umerr001
aboydkm|uboyk001
acempup1|ucemp001
akornsi|ukori001
aschmi37|uschm003
amorenr1|umorn003
ajacobge|ujacg001
abarilr|ubarr001
awhited|uwhid001
ahoekwp|uhoep001
ajenewr|ujenr001
aliebem|uliem001
aruipg|uruig001
aheiseh|uheih001
akuzmad|ukuzd001
amora632|umoru001
adykstj|udykj003
amartipe|umarp051
avalen47|uvalr050
aregrah|uregh002
awoods7|wjoha002
asolits|usols002
afreirj|ufrej002
akriebb|ukrib001
abettssh|wsheb008
asergiry|userr001
agome507|ugomn001
alepiny|umary001
abliesa|ublia001
aplamono|uplan001
avoh|uvoxh001
aschicji|uschj008
amelkol|umell001
ahodgst|uhodt002
aluptaj|ulupj001
akshirm|ukshm001
apapiem|upapm001
ajaspedu|ujasd001
aholmehe|uholh001
ajantojo|ujanj002
ahuesku|uhueu001
ablosst|ucont001
ashiplma|ushim003
aloewem|uloem001
atortod|utord001
aparks0|uparj070
athammp|uthap001
abanksz|ubanz001
ahodgig|uhodg001
agraueg|ugrag001
awulfy|uwuly001
abradlch|ubrac002
akormoj|ukorj001
ahalell|uhalh001
acollite|ucolt003
ahawkel|uhawl002
acervil|ucerl003
abosanm|uboem003
agetlia|ugeta001
apilgef|upilf001
ahallwe|uhalw001
amihala5|umiha001
aorsagsa|uorss001
adietzt|udiet001
aheikos|uschh003
adenzeja|ujatd001
alotht|ulott001
abojovd|ubojd001
ahallyh|uhalh002
aursikm|uursm001
amanciad|umana102
astehlal|wstea001
awilmeg|uwilg002
adanneju|udanh001
bgalam|ugalm003
awarjuni|uwarn001
abeeckk|ubeek001
apeterhl|upeth001
awinklde|uwind001
abittnr|ubitr002
aziembd|uzied001
awan3127|uwanh023
aniside|unise001
adritor|udrir001
acasked|ucasd001
aallenfr|uallf001
abrockc|ubroc002
apetrovi|upetv001
afrieti|ufrii001
atuberb|utubb001
ahallti|uhalt001
aswifts|uswis001
aschul35|uschj007
ayonkes|uyons001
achrisn|uchrn001
abadert|ubadt001
ahardmm|uharm001
agrabt|ugrat001
apolacp|upolp001
avyskov|uvysv001
amarkir|umarr003
aambrot|uambt001
amokriv|umokv001
abrunsbo|ubrub001
aturczpi|wturp001
anurenr|unurr001
apoolr|upoor001
atrevir8|utrer050
arexj|urexj001
awillimc|uwilm003
abuermt|ubuet001
anagy21|unaga002
aondrem2|uondm001
aschlole|uschl004
aburgbe|wburb001
apriceja|uprij003
agrootj|ugroj001
aschulan|uscha005
athiels|uthis001
aadorjr|uador001
athuens|uthes001
aandere|uande002
acollit|ucolt002
abittnma|ubitm001
asmit888|usmik003
aouej|uouej001
asakaa|usaka001
awolleje|uwolj003
aduckwje|wjerd002
abaumgma|wbauw001
aroldag|urolg001
ariess|wries001
ablaszja|ublaj001
ajariapa|ujarp001
alocketi|uloct002
avander|uvanr001
avojtian|uvoja001
ameekel|umeel001
aroesnw|wroew001
aburtoj4|uburj005
adekokj|udexj001
anelsocd|unelc001
ahunar|uhunr070
adelg124|udela003
asmit718|usmib002
aweibek|uweik001
amoor36|umooc001
ahondes|uhons001
apena93|umarr080
akadzbm|ukadm001
aboevek|uboek001
aweissm|uweim003
avanhor|uvanr002
asandmm|usanm002
aternem|uterm001
ahatnam|uhatm001
adevild|uvild070
ashannk|ushak002
amessop|umesp001
asaitot|usait001
amujicm|umujm001
azamor60|uzama001
ahartnr|wharr001
apeggt|wpegt001
avozatl|uvozl001
amuellbr|umueb002
awaddima|uwadm001
awatea|uwata001
amill97|umila002
asherbk|ushek001
asoltad|usold001
aspliem|usplm001
ali385|ulixg031
ashunna|ushum001
abaumac|ubauc001
agermab|ugerb002
aolham|uolhm001
afassbd|ufasd001
ahaukt|uhaut001
atiefeh|utieh001
adavi5|udavc001
alih|ulixh021
avaraj|uvarj050
aforlam|uform002
ajongsr|ujonr003
abetakma|ubetm001
awu928|uwuxv001
abellov|ubelv001
abindus|ubins001
abuechjo|ubuej001
amuellu|umueu001
azwartd|uzwad001
alopezse|ulops001
amar2386|umarj050
ahinklme|wmelh002
auysale|uuysi001
agamacb|ugamb001
ademiti|ujari001
ahartt|uhart002
akindef|ukinf001
akaznojâ |ukazj001
aondrem|uondm002
areaumm|uream001
asilvea2|usila001
ahardewi|wharw001
agnatyd|ugnad002
aschalk|uschk006
akukulb|ukukb001
bkaelban|wkaea001
amuell84|umuej001
aklinkj|uklij003
agoragr|ugorg001
acisarj1|ucisj002
apadirv|upadv001
afeyerh|ufeyh001
asongru|usonr001
achurcr|uchur002
aaxmanj|uaxmj001
ajuarejh|ujuaj050
akrycas|wkrys001
apolivp|upolp002
akrafta|uulba001
asliter|uslir001
awaylap|uwayp001
akahlea|uskoa001
aevans7|uevar001
abeltej|ubelj003
arahudn|urahn001
afalleb|ufalb001
aorsaga|uorsa001
apipist|upipt001
aduckym|uducm001
akubisst|ukubs001
asaraym|usarm001
aborget|utimb002
awarnkdi|uward002
aaltaybe|ualtb001
aeggere|uegge001
anegreju|unegj050
azentkl|uzenl001
ashuklsw|ushus002
ahathaj|uhatj002
alawsope|ulawp001
afordc4|uforc001
asklenv|usklv001
agruedp|ugrup001
ajacksma|ujacm002
agarveto|ugart002
abrittco|wbric001
aduartv1|uduav001
aschmiu|uschu001
aguti124|ugutm002
azha1378|uzhaj027
areyes10|ureyj080
abaldwt|ubalt001
agawalvi|ugawv001
aspahrt|uspat001
aher1447|uhere050
akrausho|ukrah001
ahowelmi|uhowm001
aboydc5|uhicc001
asujakm|usujm001
apelagz|upelz001
akellekr|ukelk001
adadad|udadd001
awarjug|uwarg002
agogolp|wgogp001
arathoha|urath001
aprekor|uprer001
achardsa|uchas001
athakur2|uthar001
amungln|umunn001
asalyv|usalv001
adeshmpa|udesp001
astockme|ustom001
asakall|usakl001
aguntha|uguea002
agrondb|ugrob002
akoysm|ukoym001
avankoc|uvanc005
abriedp|ubrip001
apaganc|upagc001
aaccarw|uaccw001
afogtst|ufogs001
aelliscd|uellc001
aboothb|uboob001
alemkehe|ulemh001
ahollis|uhols001
adronj|udroj001
ahvolka|uhvoa001
ajelins1|ujels001
amuellb7|wmueb001
akoevea|ukoea002
ascottjo|uscoj001
arennea|uadar001
aweberje|uwebj002
astiptm|ustim001
amortoli|umorl001
asimarj|usimj002
asprotj|usprj070
amclenr|umclr001
afreysm|ufrem002
akovaln|ukovn002
adiekh|udieh001
astranke|ustrk001
amonsil2|umonl050
asherrmi|ushem001
atobinda|utobd001
atrexed|wdeae002
asudaji|usudj001
awenco|uwenc003
aollhot|uollt001
amoreno|umora053
aluchij|ulucj001
amaciaaj|wamym002
asmit654|usmib004
apasnim|upasm001
amcculad|umcca001
ajohnsk|ujohk001
anilssco|unilc001
aortmako|uortk001
asahine1|usahe001
awilcoh|uwilh001
amccard|umccd001
aforrem|uform001
ayamzk|uyamk001
asteinge|wsteg001
atruttj|utruj001
ahrickj|uhrij001
aprabhsu|upras001
ayenkem|uyenm001
aandermc|uandm001
aodorn|wodon001
afoersn|ufoen001
aparkb1|uparb001
arazvis|urazs001
aeckerb|ueckb001
afarahm|ufarm001
amikulr|umikr001
acabres4|ucabs050
abattlch|ubatc001
amylesg|umylg001
ateachs|uteas001
alorenl|ulorl001
amar2340|umarp050
amarusan|umara080
agerigg|ugerg001
asandeto|usant102
aslotit|uslot001
aweckej|uwecj001
astefkm|ustem004
akleiksc|ukles002
avallsc|uvalc003
abarloe|ubare002
alashs|ulass001
ahanchj|uhanj002
apovalm|upovm001
aderenc|uderc001
aseelbt|useet001
avyskop|uvysp001
aondraj|uondj001
amanear|umana002
apashar|upasr001
athompdo|uthod001
araus|uraus001
anagarpr|unagp001
arober78|wcolr002
adurres|udurs002
achrisku|uchrk001
ateolir|uteor001
amundym|umunm001
arueppna|wruen001
agreenb6|wbreg002
asaaleel|usaae001
agrevea|wgrea001
aslahom|wslam001
aerdems|uerds001
aclarkb|uclab001
ayarbec|uyarc001
amartel|umarl001
abishod|ubisd001
aroberjr|urobj002
amurthl|umurl001
aoravei|uorai001
amatsuh2|umath001
anaira1|unaia001
akochado|uhudd001
acampbs3|ucams001
askultm|uskum001
aweisnm|uweim001
aharmec|uharc001
acurkam|ucurm003
akociff|wkocf001
amudryma|umudm001
aalvarnw|ualvn001
agrinyo|uhryo001
astrubde|ustrd001
apanosa|upana102
aerprat|uerpt001
abrow336|ubroc005
adevriju|udevj001
anands|unans001
agermala|ugerl001
amikolm4|umikm002
ache966|uchec005
amaim|umaim001
amillim|umilm002
awonsb|uwonb001
akirscm2|ukirm002
anelsol2|wlaun002
aaaronn|uaarn001
apeter45|upetd003
ariverf|urivf050
adattec|udatc001
amorenir|umori001
aopperp|uoppp001
amarken|umarn001
agalkom|ugalm004
amurinmi|umurm002
abonyac|ubonc001
aschaes|uschs002
asmeltje|usmej001
asiteksz|wsits001
amcculj|umccj002
avitolf|uvitf001
aweilr|uweir001
akoopk|ukook001
agwinns|ugwis050
apavliv|upavv001
aphippju|uphij001
atallas|utals001
akernp|ukerp001
akleibb|ukleb001
apilget|upilt001
apetkof|upetf001
asandhh|usanh001
arhodeje|urhoj001
ahanda|uhanx009
adurislaâ |udurl001
adiemj|udiej001
agolczp|wgolp001
ancwanjo|uncwj001
ariggsd1|urigd001
aclark65|uclam003
avism|uvism001
adurhade|udurd001
aberaie|ubere050
ajurekk|ujurk001
acaih2|ucaih011
azochnd|ulepd001
avillaa0|uvila001
amrazea|umraa001
aquistg|uquig001
acosset|ucost001
akarass1|ukars001
aschwaan|uscha001
azurawr|uzurr001
avill284|uvile001
alandgw|ulanw001
awenzec1|uwenc001
asamueal|usama002
acolinr1|ucolr001
awill510|uwilj001
akim112|ukims007
ashahv|ushav001
apsutks|upsus001
anoriea|unora050
aschmifa|uschf004
azonded|uzond001
ajohnscu|ujohc001
aperryr|uperr001
alukacm|ulukm002
atorr670|utorf002
atappas|utaps001
afamild|ufamd001
abergma|uberm002
amayde|umayd001
adonals0|udons001
areidem|ureim001
awittkj|uwitj001
akoetsd|ukoed001
ajoostf|ujoof001
asan534|usanf002
atomask|utomk001
acaracp|ucarp001
alaakmc|ulaac001
amayj|umayj001
awernejo|uwerj001
atomicja|utomj001
amorajc|umorj002
ahildes|uhils001
aherriro|uherr101
aschlat|uscht006
ageuers|ugeus001
alop630|ulopn050
abuchak|ubuck001
awhitlkl|uwhik001
agryzema|wgrym001
aspieww|uspiw001
atibolm|utibm001
aclarka|uclaa001
akrishp2|ukrip002
akalinm1|ukalm001
acarlik|ucark001
apellasi|upels001
athomatg|uthot002
ashorts|upeas001
awaltet5|uwalt001
ablancv|ublav001
awill302|uwilp001
amorri29|umorr002
akoestk|ukoek001
asahrb|usahb001
amisiag|umisg001
arutkoja|wjasr002
awaalkr|uwaar001
anichof|unicf001
abuddeb|ubudb001
amedvem5|umedm051
arihovma|urihm001
ahoffms2|uhofs001
akulass|ukuls001
amanasw|umanw001
arockas|urocs001
aestuav|uvale050
atanakak|utana001
agriepr|ugrir001
aserraa9|usera002
akronsm|ukrom001
aewaldw|uewaw001
aitskoi|uitsi001
amathesu|umats002
apatelsh|upats003
abentls|ubenb001
akrudyd|ukrud001
amisard|umisd001
asmolemi|usmom003
abrayda|ubrad003
amarkws1|umars010
awilcomi|uwilm004
aschrev|uschv001
achers|uches010
awarnkd|uward001
aogaway|uogay001
acarboc|ucarj003
alebenw|wlebw001
ameyerk|umeyk002
aakinno|uakih001
akremkj|ukrej001
astoket|ustot001
amedvel|umedl001
arendej|urenj001
ajassd|ujasd002
apastelu|upasl001
adykstja|udykj002
asnydel|usnyl001
atarchk|utark001
ataiwas|utais001
akaukac|ukauc001
amalict|umalt001
afriedm9|ufrim003
aclark30|uclas001
aaltmaw|ualtw001
anitzem|unitm001
akolink|ukolk002
akizym|ukizm001
agroefm|ugrom001
amccormt|umcct001
acaldwd|ucald001
asouthmp|usoum002
aboikem|uboim001
amitraa|umita001
amiksic|umikc001
awisinj|uwisj001
aheyerh|uheyh001
awiener|uwier001
atheilc|uthec002
afeagew|ufeaw001
asutyj|usutj001
azimmeth|uzimt001
akrughta|ukrut002
atimmeje|utimj002
anadase|unade001
aperdom|uperm001
asteffha|usteh001
amotoll|umotl001
aheitegu|wheig001
allidoja|ullij002
ajohnsa|ujoha001
ahoekwj|uhoej001
amorgat2|umort002
aposteb|uposb001
aaminh|uamih001
agrewam|ugrem001
aanderdl|uandd001
amantyg|umang002
aassele|uasse001
aticeca|uticc002
agomerd|ugomd001
akutscd|ukutd001
awhitmti|uwhit002
abavisam|ubava001
arogalb|urogb001
akumbhs|ukums001
alewis26|ulewg001
amaia|umaia001
apathadi|upatd001
awaghr|uwagr001
akenism|ukenm002
ahajark|uhajk001
apeppes|upeps001
akleinc7|uklec002
amolits|umols001
abrownk1|ubrok001
astalln|ustan001
akufnes|ukufs001
adurlaj|udurj001
apaolim|upaom001
awaskej|uwasj001
aadamkv|uadav002
abellia|ubela001
aboggsni|ubogn001
abaldrl|wball001
ahamzag|uhamg002
ahoyc|uhoyc001
aharr56|uharr001
ahorecf|uhorf001
akolbma|ukolm002
akerkur|ukerr001
afangf6|ufanf004
ale39|ulext001
abativ|ubatv001
aruding|urudg001
aherzoa|uhera002
akaznob|ukazb001
ajanecm7|ujanm004
amalhob|umalb001
alegvog|ulegg001
amorled|umord001
asalamk|usalk002
akuehnm|ukuem002
aschlaa|uscha006
afergul2|uferl001
avandela|uvanl003
aramesp|uramp002
agurump|ugurp001
afostet|ufost001
akayukw|ukayb001
abahelt|ubaht001
ahrncie|uhrne001
aklingj|uklij002
abroilj|ubroj003
agabert|ugabt001
aallmad|ualld002
aleskoma|ulesm001
abeckwda|ubecd002
achmelj|uchmj001
ashenan|ushea001
awelzm|uwelm001
asanti67|usanj050
amyersj8|umyej002
adropia|udroa001
aasarost|uasas003
aberna34|uberj002
ashahni|ushan001
azachej|uzacj002
aduronr|udurr050
astrakst|usles001
abauti31|ubauj002
acassal|ucasl003
aiwanm|uiwam001
anybert|unybt001
ahornky|uhork001
aschumbr|uschb001
afreems|ufres001
atraupd|utrad001
abrickjo|ubrij001
awuebkma|uwuem001
agonzaa3|ugona001
anelkem|unelm001
arybecm|urybm001
awillige|uwilg001
alamsok|ulamk001
amoony3|umooy050
aocarae|uocae050
achoval|uchol001
ahamelke|uhamk001
amatejr2|umatr001
athom84|uthos001
avandew1|uvanw001
acolbujs|ucolj001
akancim|ukanm001
aboldim|uboem002
asulis|usuls001
aboehma|uboea001
adharad|udhad001
achards|uchas002
alopusda|ulopd001
aweavek1|uweak001
amedin39|umedm050
asirpij|usirj001
aramjaa|urama001
arendoc|urenc050
alukacm3|ulukm001
ahulstk|uhulk001
ayokokka|uyokk001
aheynerk|uheyr001
ashindre|ushir002
anovosj|unovj003
aramsuk|uramk050
awatsob1|uwatb002
akiecaa|wkiea001
ayangtr|uyanp016
afrappm|ufram001
akwicza|ukwia001
alittlrd|ulitr001
abirasm|ubirm001
afrancbd|ufrab001
agoulds|ugous001
ajurkor|ujurr001
aszwabm|wszwm001
awaalkj|uwaaj001
awalthk|uwalk001
apoliaf|upolf001
abeneda|ubena001
abruckh|ubruh001
aherbeg|uherg001
awhit43|uwhis001
allorcy|ulloy001
akrebsh|ukreh001
aknoopr|uknor001
acorbib|ucorb001
akekela|ukeka001
astrapb|ustrb003
abiberz|ubibz001
abeckm5|ubecm002
alutica|uluta001
akomora1|ukoma002
amorgata|umort001
akachlj|ukacj002
agrabsg|ugrag002
achebea|uchea002
ablomed|ublod001
aveljom|wmelv002
afranzm|ufram002
aspiesph|uspip001
azha3920|uzhae003
akulicbo|ukulb050
aluurtb|wbrid004
apoeppt|upoet002
aehrnhe|wehre001
amontij1|umonj002
abinskt|ubint001
aschroe|usche002
ahoembk|uhoek001
asnellm|usnem001
awakefm|uwakm001
aleples|uleps001
agopals|ugops001
avandoda|uvand001
abrow172|ubrom001
aszabap|uszap001
asuigua|usuia001
awoodlr|uwoor001
amolnabe|umolb001
asaltean|usala002
atuttlm|ututm001
aguillr7|uguir050
arussos|uruss002
apetzom|upetm005
atindar|utinr001
arudolla|urudl002
apastema|upasm002
aheinrba|uheib001
azippei|uzipi001
awagnera|uwagr002
aschelm|uschm010
ademmew|wdemw001
aavilab7|uavib001
aschmah|uschh002
apolzis|upols002
ahickeja|uhicj001
azantom|uzanm001
akoppet|ukopt001
abrow220|ubrod004
aschulm0|uschm007
ahayesth|uhayt001
agilesl|ugill001
arobidr|urobr001
arusicb|urusb001
aholthn|uholn001
aserroc|userc001
abigelk|ubigk001
abelvod|ubeld001
akornos|ukors001
aucara|uucaa001
amaneka|umank001
afranksh|ufras001
apasque|upase001
ajavun|ujavn001
apernad|uperd001
aribard|uribd001
akucsem|ukucm002
amoserj|umosj001
apresnm|uprem001
akarbog|ukarg001
amolj|wjefg002
avandej1|uvanj003
ashen61|ushex001
ahousec|uhouc001
azavodr|uzavr001
abarine|ubare003
anovike|uvere002
awessery|uwesr003
agumpes|ugums001
ahuntc|uhunc001
alloydmj|ullom001
apricej|uprij001
aretchbr|wbrar002
asaada|usaaa001
asteved5|usted002
ajuar226|ujuac001
acort107|wgonj001
aseeckk|useek001
ayin61|uyinz003
arokoss|uroks001
abarhash|ubars002
atireya|utira001
aformid|uford002
ayatesj1|uyatj001
aakiyay|uakiy001
adietmh|uhord001
acolomjo|ucolj003
adollep|udolp001
ashangzh|ushaz004
asnydejo|usnyj001
amaldoal|umala050
asnides|usnis001
acerbic|ucerc001
agabbet|ugabt001
agerigt|ugert001
avaidyv|wvaiv001
akeizec|ukeic001
awindoj|uwinj002
ahecksr|uhecr001
adivekr|udivr001
askrzykr|wskrk002
apark39|uparj002
ahuh7|uhuxx028
avelarja|uverj001
asalass8|usals002
atianq7|utiaq001
ajiangwi|ujiaw001
apearsc|upeac001
amoellju|umoej001
abondyg|wgarb002
amarxt|umart001
adingx1|udinx011
adail5|udail001
azhengjo|uzhej006
acipotd|wdiec001
azhoux5|uzhox011
akuehlm|ukuem001
akunerl|ukunl001
agoellr|sitecon_user
avandelj|sitecon_user
adossai|wpali001
aram125|wantr002
aherr125|sitecon_user
aduratm|udurm002
aisenhr|uiser001
apoliad|sitecon_user
awegrze|sitecon_user
aflynnjm|uflyj050
atoroka|utora001
agreggmi|ugrem004
avandemi|uvanm003
alehmkh|ulehh001
awilliam|sitecon_user
adu107|sitecon_user
aelquet|uelqt050
anowakfr|unowf001
alawrej2|sitecon_user
alangmmi|ulanm073
amudals|umuds001
astrour|ustrr001
apaulym|upaum001
apitrom|wpitm001
abarbej|ubarj001
anicol13|wnicm001
asanc849|usanf002
aevereb|ueveb001
ajonesrg|sitecon_user
aszabal|uszal002
asharmr8|ushar001
ajunggu|ujung001
ajacks90|ujacj001
acharrm|wcham001
agreen87|ugrea002
awangly|uwand039
adouglje|udouj001
akimyo|wkimy001
aavilaj|uavij001
ali2259|ulib001
aescobg5|uescg050
ayuh6|sitecon_user
aheimg|sitecon_user
ashawt|sitecon_user
avidetjo|sitecon_user
adomker|sitecon_user
ahamg|sitecon_user
abrookt|sitecon_user
atalekm|sitecon_user
alausct|sitecon_user
ashindr4|sitecon_user
agarzamu|sitecon_user
abaeji|sitecon_user
awan1138|sitecon_user
athwaij|sitecon_user
agaoj4|sitecon_user
aszymaj2|sitecon_user
agaspaan|sitecon_user
akimhw|sitecon_user
ahongsa|sitecon_user
awenzlc|sitecon_user
alee269|sitecon_user
akowalwi|sitecon_user
ahuwu|sitecon_user
agotor|sitecon_user
azelenr|sitecon_user
aandres8|sitecon_user
amulle3|sitecon_user
avasild|sitecon_user
ali3501|sitecon_user
alub6|sitecon_user
apletcd|sitecon_user
akovacbo|sitecon_user
atapiahe|sitecon_user
dcproxy|dcproxy
akatram|sitecon_user
amartig4|sitecon_user
akandeto|sitecon_user
dcproxyt|dcproxy
akeisej|sitecon_user
ps_ff_tre|sitecon_user
ps_vpm_ply|sitecon_user
apatelp6|sitecon_user
ashejua|sitecon_user
aher1334|sitecon_user
awang496|sitecon_user
adaliys|sitecon_user
aauquid|sitecon_user
test101|tcadmin
a430035|tcadmin
tcbatchjobadmin|tcadmin
aruggd|sitecon_user
agilmom|sitecon_user
a430034|tcadmin
dcproxy1|dcproxy
asomasse|sitecon_user
testlreh3|tcadmin
agaffnt|sitecon_user
ps_epic_hol|sitecon_user
amuthuk|sitecon_user
tcaprod|tcadmin
asubrab|sitecon_user
a430040|tcadmin
dcproxyh|dcproxy
amarcud|sitecon_user
aswamis|sitecon_user
asinghv3|sitecon_user
anandip|sitecon_user
aher2013|sitecon_user
apeterse|sitecon_user
dcproxyf|dcproxy
azhan169|sitecon_user
akrizav|sitecon_user
ahenryc5|sitecon_user
testlreh1|tcadmin
ahorecvi|sitecon_user
abost|sitecon_user
amagnum|sitecon_user
agoodms|sitecon_user
agunthc|sitecon_user
tcglimsadmin|tcadmin
abrienj|sitecon_user
ajayacr|sitecon_user
arudrat|tcadmin
abrow259|tcadmin
tcdatamigrationadmin01|tcadmin
aobilib|sitecon_user
akannii|sitecon_user
ps_ff_bur|sitecon_user
dcproxyk|dcproxy
avandeje|sitecon_user
apatilk1|sitecon_user
ajiangp8|sitecon_user
ps_cdb|sitecon_user
a430037|tcadmin
testlrdh3|tcadmin
a430041|tcadmin
dcproxyp|dcproxy
alencap|sitecon_user
azubovl|sitecon_user
dcproxyc|dcproxy
aprasaaa|sitecon_user
tc9dataportadmin|tcadmin
a4700010|tcadmin
testlreh2|tcadmin
tcmigrationadmin|tcadmin
tcmetrixadmin|tcadmin
aabothc|sitecon_user
dcproxyu|dcproxy
agayesj|sitecon_user
testlreh4|tcadmin
ps_vpm_bur|sitecon_user
test308|tcadmin
adobroc|sitecon_user
ahansea2|sitecon_user
dcproxyy|dcproxy
ps_vpm_hol|sitecon_user
alyni|sitecon_user
astephwe|sitecon_user
a430039|tcadmin
acannov|sitecon_user
asavaga|sitecon_user
dcproxys|dcproxy
test301|tcadmin
adielr|sitecon_user
ps_ff_hol|sitecon_user
abergju|sitecon_user
test441|tcadmin
ajoshid1|sitecon_user
ps_epic_tre|sitecon_user
cprincri|sitecon_user
test451|tcadmin
testlrdh4|tcadmin
tcpmadmin|tcadmin
aminerd|sitecon_user
infodba|infodba
test444|tcadmin
ps_ff_ply|sitecon_user
dcproxy2|dcproxy
abronkd|sitecon_user
testlrdh1|tcadmin
tcdatautilityadmin|tcadmin
tcuseradmin|tcadmin
testlrdh5|tcadmin
amartidg|sitecon_user
test434|tcadmin
testlreh5|tcadmin
achenan|sitecon_user
ps_epic_bur|sitecon_user
test448|tcadmin
a430038|tcadmin
a430036|tcadmin
tciceadmin|tcadmin
testalandm|tcadmin
armu|sitecon_user
ps_edb|sitecon_user
ps_vpm_tre|sitecon_user
testlrdh2|tcadmin
adanied6|sitecon_user
test318|tcadmin
asheetd|sitecon_user
awronaj|sitecon_user
ps_epic_ply|sitecon_user
adeshma|sitecon_user
akotespe|sitecon_user
agulauj|sitecon_user
akarans1|sitecon_user
afarooab|sitecon_user
akonjip|sitecon_user
awhiteg|sitecon_user
asadans|sitecon_user
awangg2|sitecon_user
abochs|sitecon_user
akadamv|sitecon_user
anoffzk|sitecon_user
akulkan|sitecon_user
arachasa|sitecon_user
asalvit|sitecon_user
akuzmak|sitecon_user
amulims|sitecon_user
akurupk|sitecon_user
abruecj|sitecon_user
anemadpr|sitecon_user
asong127|sitecon_user
abittnm2|sitecon_user
agajbhn|sitecon_user
abhardni|sitecon_user
akatheb|sitecon_user
aghoshaa|sitecon_user
akuhnri|sitecon_user
abadgun|sitecon_user
ahiemsb|sitecon_user
aburcho|sitecon_user
achaudm1|sitecon_user
akulkapa|sitecon_user
aanagav|sitecon_user
asun293|sitecon_user
autkars|sitecon_user
apopesh|sitecon_user
aosinss|sitecon_user
akattip|sitecon_user
ajamblsa|sitecon_user
avermama|sitecon_user
apatraar|sitecon_user
abhaskpr|sitecon_user
akamalr|sitecon_user
agoguls|sitecon_user
awadkap|sitecon_user
aschrool|sitecon_user
avaclap|sitecon_user
alisi|sitecon_user
agirama|sitecon_user
aptasim|sitecon_user
amorard|sitecon_user
aaggart|sitecon_user
abochkna|sitecon_user
asakats|sitecon_user
asatena|sitecon_user
abeckda|sitecon_user
adhakac|sitecon_user
ataraca1|sitecon_user
ayaoje|sitecon_user
amanev|sitecon_user
audawap|sitecon_user
awolleb|sitecon_user
adamots|sitecon_user
apadmal|sitecon_user
aghogaki|sitecon_user
achougt|sitecon_user
amarin70|sitecon_user
abishtan|sitecon_user
atrombc|sitecon_user
abharah|sitecon_user
aluxu|sitecon_user
achumi|sitecon_user
asekars2|sitecon_user
aborakt|sitecon_user
aschulh|sitecon_user
acaiwo|sitecon_user
alukacv|sitecon_user
abrard|sitecon_user
aramassi|sitecon_user
ashindab|sitecon_user
achen435|sitecon_user
adeshmt|sitecon_user
alondhg|sitecon_user
aguggav|sitecon_user
ablankro|sitecon_user
apatil20|sitecon_user
aleukeg|sitecon_user
ayan497|sitecon_user
agowdar|sitecon_user
ahunda|sitecon_user
awan3281|sitecon_user
apatilnd|sitecon_user
amckitw|sitecon_user
adornab|sitecon_user
abhatr|sitecon_user
agsi|sitecon_user
anarolp|sitecon_user
amohanve|sitecon_user
apandhr|sitecon_user
atamboma|sitecon_user
akuma43|sitecon_user
ajenkik|sitecon_user
awhitest|sitecon_user
ashelan|sitecon_user
akanai|sitecon_user
asalung|sitecon_user
aburror|sitecon_user
ashindn2|sitecon_user
apandhn|sitecon_user
ajadhadi|sitecon_user
abalasr|sitecon_user
aprofos|sitecon_user
akappeo|sitecon_user
asivans|sitecon_user
apopi1|sitecon_user
akulka3|sitecon_user
akittua|sitecon_user
amuntea|sitecon_user
awilsore|sitecon_user
apalshr|sitecon_user
ateufei|sitecon_user
areichu|sitecon_user
avollmb|sitecon_user
aarulmp|sitecon_user
abaltsa|sitecon_user
akuriapa|sitecon_user
apatilp5|sitecon_user
ajokiec|sitecon_user
anagarj|sitecon_user
afischg3|sitecon_user
achandud|sitecon_user
alippem1|sitecon_user
apeterc7|sitecon_user
amorabp|sitecon_user
agutses|sitecon_user
apawarra|sitecon_user
amengag|sitecon_user
ashahac|sitecon_user
ahiremso|sitecon_user
awendtk|sitecon_user
aweberer|sitecon_user
avatned|sitecon_user
arosebma|sitecon_user
apandis|sitecon_user
aprasaan|sitecon_user
awetzis|sitecon_user
alenzn|sitecon_user
areisnb|sitecon_user
adeshpu|sitecon_user
abernhf|sitecon_user
ariedero|sitecon_user
agodbok|sitecon_user
aeberlu|sitecon_user
adeshpa1|sitecon_user
aassmau|sitecon_user
ariemea|sitecon_user
ahilleg|sitecon_user
abessaj|sitecon_user
ameyer1|umeyl001
aflescra|sitecon_user
asyedc|sitecon_user
araut|sitecon_user
alehmam4|sitecon_user
azandek|sitecon_user
ashahro|sitecon_user
abalcada|sitecon_user
apastoa|sitecon_user
asiegebe|usiem001
aunderjd|sitecon_user
akalemb|sitecon_user
anagavku|sitecon_user
aschoej6|sitecon_user
aoetkej|sitecon_user
akasetp|sitecon_user
amehatr|sitecon_user
axu297|sitecon_user
aperryk2|sitecon_user
avale1|sitecon_user
amentos|sitecon_user
abelanm|sitecon_user
amar3156|sitecon_user
aguo617|sitecon_user
ali5075|sitecon_user
adixitni|sitecon_user
adelbf|sitecon_user
ali5330|sitecon_user
anunsj|sitecon_user
asinght3|sitecon_user
aschoe6|sitecon_user
arod2093|sitecon_user
aprabhp3|sitecon_user
adodsoru|sitecon_user
akanapsw|sitecon_user
ajenkik6|sitecon_user
amarkvjo|sitecon_user
achoij5|sitecon_user
akumares|sitecon_user
agowdab|sitecon_user
akaprus|sitecon_user
asohela|sitecon_user
ajordak2|sitecon_user
akotrhr|sitecon_user
aomeard|sitecon_user
abrow360|sitecon_user
adurisla|sitecon_user
aranwar|sitecon_user
aadaszr|sitecon_user
agiffen|sitecon_user
akhaden|sitecon_user
ahagerm|sitecon_user
agibsom4|sitecon_user
anarkhn|sitecon_user
adandwa|sitecon_user
ahenrir|sitecon_user
awolfd|sitecon_user
abittnm|sitecon_user
avillah7|sitecon_user
apaulir3|sitecon_user
asingh79|sitecon_user
atimanv|sitecon_user
ahartmj3|sitecon_user
asharmv4|sitecon_user
abaecha|sitecon_user
amurugr1|sitecon_user
agriesd1|sitecon_user
akorkmu|sitecon_user
aschnean|sitecon_user
anewtosc|sitecon_user
akolonh|sitecon_user
tctpdmadmin|sitecon_user
adolis|sitecon_user
amattafr|sitecon_user
athakupa|sitecon_user
akhanaa|sitecon_user
abattes|sitecon_user
akucerl3|sitecon_user
acruz731|sitecon_user
aleiern|sitecon_user
arechlk|sitecon_user
ayamazk|sitecon_user
astrmia|sitecon_user
akurups|sitecon_user
avomber|sitecon_user
achoie|sitecon_user
ajhakr|sitecon_user
aulcakj|sitecon_user
apatil26|sitecon_user
adrobnl|sitecon_user
ayu633|sitecon_user
ajanosm3|sitecon_user
afahlm|sitecon_user
aernstst|sitecon_user
aottt|sitecon_user
ashukll|sitecon_user
apucekb|sitecon_user
aostrom1|sitecon_user
