Manufacturing Engineer|Manufacturing Engineer
Advance Quality Engineer Lead|Quality Engineer Lead
Account Financial Manager Lead|Finance Lead
Commodity Buyer Lead|Procurement Lead
ITAR Classifier|ITAR Classifier
Advance Manuf Engineer|Manufacturing Engineer
Launch Manager Lead|Program Manager
Manufacturing Engineer Lead|Manufacturing Engineer Lead
Quality Engineer Lead|Quality Engineer Lead
Validation Administrator|Validation Administrator
Sales and Commercial Lead|Sales Lead
Override Approver|Program Manager
Project Author|Program Manager
PG Metals PL Unit Resp|Sales Lead
JV Support Role|Support
PSO Super User - AP|Support
CG AP PL Unit Resp|Sales Lead
Industrial Design|Studio Engineer
Design Engineer|Design Engineer
Engineer Resource Planner|Program Manager
Cost Analyst|Finance
Read Only|Support
Engineer|Product Engineer
CG EU PL Unit Resp|Sales Lead
IMDS Coordinator|Release Technician
PSO Super User - SA|Support
PPSC Global Super User|Support
Design Engineer Lead|Design Engineering Lead
Launch Manager|Program Manager
Plant Manuf Engineer Lead|Manufacturing Engineer Lead
Master Scheduler|Materials
Buyer Lead|Procurement Lead
Program Manager|Program Manager
Account Financial Manager|Finance
Release Coordinator Lead|Release Technician
Advance Manuf Engineer Lead|Manufacturing Engineer Lead
Project Member|Support
China PL Unit Resp|Sales Lead
ITAR Admin|ITAR Admin
PSO Super User - NA|Support
MM Coordinator|Materials
Program Manager Lead|Program Manager
IP Classifier|IP Classifier
IMDS Coordinator Lead|Release Technician
CG NA PL Unit Resp|Sales Lead
Project Team Administrator|Project Team Administrator
Quality Engineer|Quality Engineer
PG Interiors PL Unit Resp|Sales Lead
Master Scheduler Lead|Materials Lead
Engineer Resource Planner Lead|Program Manager
Data Migration|Support
PG Foam PL Unit Resp|Sales Lead
Designer|Design Engineer
IP Admin|IP Admin
Commodity Buyer|Procurement
PSO Super User - CH|Support
PPSC Global Director|Quality Engineer Lead
Release Coordinator|Release Technician
DBA|DBA
Plant Manuf Engineer|Manufacturing Engineer
Support Admin|Support
PSO Super User - EU|Support
CostDBA|CostDBA
Reviewer|Support
PG Electronics PL Unit Resp|Sales Lead
Resource Graph Viewers|Resource Graph Viewers
ADA Site Admin|ADA Site Admin
Simulation Administrator|Simulation Administrator
Ind Design Manager Lead|Studio Engineer Lead
Ind Design Manager|Studio Engineer
Lead Designer|Design Engineering Lead
Project Administrator|Project Administrator
Support Role|Support
Engineering Director|Product Engineer Lead
Part Creator|Product Engineer
Industrial Design Lead|Studio Engineer Lead
Engineering Operations|Support
Seedparts|Support
Coordinator|Release Technician
Advance Quality Engineer|Quality Engineer
PG Trim PL Unit Resp|Sales Lead
Sales and Commercial|Sales
PPSC JV Super User|Support
Buyer|Procurement
Cost Analyst Lead|Finance Lead
Data Migration Lead|DBA
Sponsorer|Support