0003|hsUlZS8LIX9j0C
0008|h8YlZS8LIX9j0C
0009|xIclZS8LIX9j0C
0013|xYQlZS8LIX9j0C
0015|xkUlZS8LIX9j0C
0016|xwYlZS8LIX9j0C
0019|x8clZS8LIX9j0C
0025|BNQlZS8LIX9j0C
0029|BZUlZS8LIX9j0C
0037|BlYlZS8LIX9j0C
0038|BxclZS8LIX9j0C
0039|RBQlZS8LIX9j0C
0041|RNUlZS8LIX9j0C
0043|RZYlZS8LIX9j0C
0045|RlclZS8LIX9j0C
0057|R1QlZS8LIX9j0C
0059|hBUlZS8LIX9j0C
0079|hNYlZS8LIX9j0C
0093|hZclZS8LIX9j0C
0099|hpQlZS8LIX9j0C
0108|h1UlZS8LIX9j0C
0110|xBYlZS8LIX9j0C
0115|xNclZS8LIX9j0C
0117|xdQlZS8LIX9j0C
0118|xpUlZS8LIX9j0C
0123|x1YlZS8LIX9j0C
01343|BCclZS8LIX9j0C
0143|BSQlZS8LIX9j0C
0151|BeUlZS8LIX9j0C
0167|BqYlZS8LIX9j0C
0170|B2clZS8LIX9j0C
0186|RGQlZS8LIX9j0C
0204|RSUlZS8LIX9j0C
0206|ReYlZS8LIX9j0C
0215|RqclZS8LIX9j0C
0232|R6QlZS8LIX9j0C
0243|hGUlZS8LIX9j0C
0246|hSYlZS8LIX9j0C
0247|heclZS8LIX9j0C
0249|huQlZS8LIX9j0C
0252|h6UlZS8LIX9j0C
02520|xGYlZS8LIX9j0C
0255|xSclZS8LIX9j0C
0257|xiQlZS8LIX9j0C
0265|xuUlZS8LIX9j0C
0267|x6YlZS8LIX9j0C
0275|BHclZS8LIX9j0C
0278|BXQlZS8LIX9j0C
0289|BjUlZS8LIX9j0C
0290|BvYlZS8LIX9j0C
0297|B7clZS8LIX9j0C
0320|lNUlZS8LIX9j0C
0322|RLQlZS8LIX9j0C
0325|RXUlZS8LIX9j0C
0326|RjYlZS8LIX9j0C
0329|RvclZS8LIX9j0C
0330|R$QlZS8LIX9j0C
0334|hLUlZS8LIX9j0C
0335|hXYlZS8LIX9j0C
0338|hjclZS8LIX9j0C
0341|hzQlZS8LIX9j0C
0343|h$UlZS8LIX9j0C
0346|xLYlZS8LIX9j0C
0356|l1QlZS8LIX9j0C
0359|xXclZS8LIX9j0C
0370|xnQlZS8LIX9j0C
0371|xzUlZS8LIX9j0C
0391|x$YlZS8LIX9j0C
0397|CIclZS8LIX9j0C
0403|CYQlZS8LIX9j0C
0423|CkUlZS8LIX9j0C
0432|CwYlZS8LIX9j0C
0436|C8clZS8LIX9j0C
0438|SMQlZS8LIX9j0C
0441|SYUlZS8LIX9j0C
0455|SkYlZS8LIX9j0C
0459|SwclZS8LIX9j0C
0460|iAQlZS8LIX9j0C
0461|iMUlZS8LIX9j0C
0465|iYYlZS8LIX9j0C
0469|ikclZS8LIX9j0C
0472|i0QlZS8LIX9j0C
0479|yAUlZS8LIX9j0C
0480|yMYlZS8LIX9j0C
0483|yYclZS8LIX9j0C
0493|1BUlZS8LIX9j0C
0501|yoQlZS8LIX9j0C
0503|y0UlZS8LIX9j0C
0508|CBYlZS8LIX9j0C
0520|CNclZS8LIX9j0C
0521|CdQlZS8LIX9j0C
0522|CpUlZS8LIX9j0C
0523|C1YlZS8LIX9j0C
0529|SBclZS8LIX9j0C
0532|SRQlZS8LIX9j0C
0533|SdUlZS8LIX9j0C
0534|SpYlZS8LIX9j0C
0535|S1clZS8LIX9j0C
0539|iFQlZS8LIX9j0C
0542|iRUlZS8LIX9j0C
0555|idYlZS8LIX9j0C
0568|ipclZS8LIX9j0C
0580|i5QlZS8LIX9j0C
0582|yFUlZS8LIX9j0C
0583|yRYlZS8LIX9j0C
0586|ydclZS8LIX9j0C
0588|ytQlZS8LIX9j0C
0593|y5UlZS8LIX9j0C
0600|CGYlZS8LIX9j0C
0602|CSclZS8LIX9j0C
0603|CiQlZS8LIX9j0C
0605|CuUlZS8LIX9j0C
0607|C6YlZS8LIX9j0C
0608|SGclZS8LIX9j0C
0609|SWQlZS8LIX9j0C
0610|SiUlZS8LIX9j0C
0613|SuYlZS8LIX9j0C
0616|S6clZS8LIX9j0C
0620|iKQlZS8LIX9j0C
0621|iWUlZS8LIX9j0C
0624|iiYlZS8LIX9j0C
0645|iuclZS8LIX9j0C
0646|i_QlZS8LIX9j0C
0647|yKUlZS8LIX9j0C
0649|yWYlZS8LIX9j0C
0657|yiclZS8LIX9j0C
0664|yyQlZS8LIX9j0C
0667|y_UlZS8LIX9j0C
0685|CLYlZS8LIX9j0C
0697|CXclZS8LIX9j0C
0698|CnQlZS8LIX9j0C
0703|CzUlZS8LIX9j0C
0708|C$YlZS8LIX9j0C
0709|SLclZS8LIX9j0C
0711|SbQlZS8LIX9j0C
0712|SnUlZS8LIX9j0C
0715|SzYlZS8LIX9j0C
0716|S$clZS8LIX9j0C
0742|iPQlZS8LIX9j0C
0743|ibUlZS8LIX9j0C
0760|inYlZS8LIX9j0C
0778|izclZS8LIX9j0C
0780|yDQlZS8LIX9j0C
0785|yPUlZS8LIX9j0C
0786|ybYlZS8LIX9j0C
0787|ynclZS8LIX9j0C
0788|y3QlZS8LIX9j0C
0817|DAUlZS8LIX9j0C
0819|DMYlZS8LIX9j0C
0822|DYclZS8LIX9j0C
0823|DoQlZS8LIX9j0C
0824|D0UlZS8LIX9j0C
0843|TAYlZS8LIX9j0C
0848|TMclZS8LIX9j0C
0849|TcQlZS8LIX9j0C
0854|ToUlZS8LIX9j0C
0864|T0YlZS8LIX9j0C
0872|jAclZS8LIX9j0C
0881|jQQlZS8LIX9j0C
0887|jcUlZS8LIX9j0C
0919|joYlZS8LIX9j0C
0920|j0clZS8LIX9j0C
0924|zEQlZS8LIX9j0C
0925|zQUlZS8LIX9j0C
0943|zcYlZS8LIX9j0C
0953|zoclZS8LIX9j0C
0967|z4QlZS8LIX9j0C
0968|DFUlZS8LIX9j0C
0970|DRYlZS8LIX9j0C
1015|DdclZS8LIX9j0C
1028|DtQlZS8LIX9j0C
1050|D5UlZS8LIX9j0C
1051|TFYlZS8LIX9j0C
1059|TRclZS8LIX9j0C
1061|ThQlZS8LIX9j0C
1062|TtUlZS8LIX9j0C
1087|T5YlZS8LIX9j0C
1094|jFclZS8LIX9j0C
1095|jVQlZS8LIX9j0C
1098|jhUlZS8LIX9j0C
1100|jtYlZS8LIX9j0C
1101|j5clZS8LIX9j0C
1102|zJQlZS8LIX9j0C
1103|zVUlZS8LIX9j0C
1104|zhYlZS8LIX9j0C
1105|ztclZS8LIX9j0C
1106|z9QlZS8LIX9j0C
1107|DKUlZS8LIX9j0C
1108|DWYlZS8LIX9j0C
1111|DiclZS8LIX9j0C
1198|DyQlZS8LIX9j0C
1199|D_UlZS8LIX9j0C
1213|TKYlZS8LIX9j0C
1214|TWclZS8LIX9j0C
1219|TmQlZS8LIX9j0C
1221|TyUlZS8LIX9j0C
1226|T_YlZS8LIX9j0C
1253|jKclZS8LIX9j0C
1290|jaQlZS8LIX9j0C
1305|jmUlZS8LIX9j0C
1307|jyYlZS8LIX9j0C
1312|j_clZS8LIX9j0C
1313|zOQlZS8LIX9j0C
1318|zaUlZS8LIX9j0C
1319|zmYlZS8LIX9j0C
1320|zyclZS8LIX9j0C
1331|DDQlZS8LIX9j0C
1339|DPUlZS8LIX9j0C
1343|DbYlZS8LIX9j0C
1346|DnclZS8LIX9j0C
1420|D3QlZS8LIX9j0C
1421|TDUlZS8LIX9j0C
1442|TPYlZS8LIX9j0C
1449|TbclZS8LIX9j0C
1525|TrQlZS8LIX9j0C
1528|T3UlZS8LIX9j0C
1541|jDYlZS8LIX9j0C
1542|jPclZS8LIX9j0C
1620|jfQlZS8LIX9j0C
1721|jrUlZS8LIX9j0C
1734|j3YlZS8LIX9j0C
1751|zDclZS8LIX9j0C
1753|zTQlZS8LIX9j0C
1758|zfUlZS8LIX9j0C
1761|zrYlZS8LIX9j0C
1769|z3clZS8LIX9j0C
1786|EEQlZS8LIX9j0C
1791|EQUlZS8LIX9j0C
1795|EcYlZS8LIX9j0C
1796|EoclZS8LIX9j0C
1797|E4QlZS8LIX9j0C
1799|UEUlZS8LIX9j0C
1801|UQYlZS8LIX9j0C
1805|UcclZS8LIX9j0C
1870|UsQlZS8LIX9j0C
1871|U4UlZS8LIX9j0C
1897|kEYlZS8LIX9j0C
1898|kQclZS8LIX9j0C
1899|kgQlZS8LIX9j0C
1903|ksUlZS8LIX9j0C
1905|k4YlZS8LIX9j0C
1911|0EclZS8LIX9j0C
1912|0UQlZS8LIX9j0C
1913|0gUlZS8LIX9j0C
1916|0sYlZS8LIX9j0C
1917|04clZS8LIX9j0C
1918|EJQlZS8LIX9j0C
1919|EVUlZS8LIX9j0C
1921|EhYlZS8LIX9j0C
1922|EtclZS8LIX9j0C
1923|E9QlZS8LIX9j0C
1924|UJUlZS8LIX9j0C
1927|UVYlZS8LIX9j0C
1930|UhclZS8LIX9j0C
1932|UxQlZS8LIX9j0C
1933|U9UlZS8LIX9j0C
1934|kJYlZS8LIX9j0C
1936|kVclZS8LIX9j0C
1938|klQlZS8LIX9j0C
1939|kxUlZS8LIX9j0C
1940|k9YlZS8LIX9j0C
1941|0JclZS8LIX9j0C
1942|0ZQlZS8LIX9j0C
1943|0lUlZS8LIX9j0C
1944|0xYlZS8LIX9j0C
1945|09clZS8LIX9j0C
1947|EOQlZS8LIX9j0C
1948|EaUlZS8LIX9j0C
1949|EmYlZS8LIX9j0C
1951|EyclZS8LIX9j0C
1953|UCQlZS8LIX9j0C
1954|UOUlZS8LIX9j0C
1966|UaYlZS8LIX9j0C
1980|UmclZS8LIX9j0C
2100|U2QlZS8LIX9j0C
2101|kCUlZS8LIX9j0C
2102|kOYlZS8LIX9j0C
2106|kaclZS8LIX9j0C
2107|kqQlZS8LIX9j0C
2108|k2UlZS8LIX9j0C
2109|0CYlZS8LIX9j0C
2111|0OclZS8LIX9j0C
2132|0eQlZS8LIX9j0C
2152|0qUlZS8LIX9j0C
2157|02YlZS8LIX9j0C
2158|EDclZS8LIX9j0C
2161|ETQlZS8LIX9j0C
2162|EfUlZS8LIX9j0C
2165|ErYlZS8LIX9j0C
2166|E3clZS8LIX9j0C
2171|UHQlZS8LIX9j0C
2172|UTUlZS8LIX9j0C
2173|UfYlZS8LIX9j0C
2183|UrclZS8LIX9j0C
2185|U7QlZS8LIX9j0C
2187|kHUlZS8LIX9j0C
2188|kTYlZS8LIX9j0C
2189|kfclZS8LIX9j0C
2301|kvQlZS8LIX9j0C
2302|k7UlZS8LIX9j0C
2350|0HYlZS8LIX9j0C
2351|0TclZS8LIX9j0C
2352|0jQlZS8LIX9j0C
2354|0vUlZS8LIX9j0C
2355|07YlZS8LIX9j0C
2357|FEclZS8LIX9j0C
2358|FUQlZS8LIX9j0C
2359|FgUlZS8LIX9j0C
2361|FsYlZS8LIX9j0C
2362|F4clZS8LIX9j0C
2363|VIQlZS8LIX9j0C
2365|VUUlZS8LIX9j0C
2382|VgYlZS8LIX9j0C
2383|VsclZS8LIX9j0C
2401|V8QlZS8LIX9j0C
2402|lIUlZS8LIX9j0C
2403|lUYlZS8LIX9j0C
2406|lgclZS8LIX9j0C
2408|lwQlZS8LIX9j0C
2484|l8UlZS8LIX9j0C
2490|1IYlZS8LIX9j0C
2493|1UclZS8LIX9j0C
2503|1kQlZS8LIX9j0C
2508|lZYlZS8LIX9j0C
2528|1NYlZS8LIX9j0C
3910|1wUlZS8LIX9j0C
455|18YlZS8LIX9j0C
605|FJclZS8LIX9j0C
613|FZQlZS8LIX9j0C
8000|FlUlZS8LIX9j0C
93|FxYlZS8LIX9j0C
DELETE0533|F9clZS8LIX9j0C
DELETE0542|VNQlZS8LIX9j0C
DELETE1094|VZUlZS8LIX9j0C
DELETE1095|VlYlZS8LIX9j0C
DELETE1107|VxclZS8LIX9j0C
Delet0843|lBQlZS8LIX9j0C
Global|llclZS8LIX9j0C
